Workbook

Sheet EOQ Clásico
A1: Plantilla Modelo cantidad económica de pedido (EOQ) - EOQ Model Template
A3: Item | B3: Datos | C3: Detalle | D3: Interpretación
A4: Demanda (D) | B4: 1200 | C4: anual
A5: Costo de ordenar (S) | B5: 20 | C5: por orden
A6: Costo de mantener (H) | B6: 0.3 | C6: anual por unidad
A7: Número de días de trabajo | B7: 240 | C7: por año
A8: Costo © | B8: 20 | C8: por unidad
A9: Cantidad óptima de pedido Q* | B9: =SQRT((2*B4*B5/B6)) -> 400 | C9: unidades | D9: ="Se deben pedir "&ROUND(B9,2)&" unidades por orden" -> Se deben pedir 400 unidades por orden
A10: Número esperado de ordenes (N) | B10: =B4/B9 -> 3 | C10: órdenes | D10: ="Se realizan "&ROUND(B10,2)&" órdenes de pedido al año" -> Se realizan 3 órdenes de pedido al año
A11: Tiempo esperado entre órdenes (L) | B11: =B7/B10 -> 80 | C11: días | D11: ="El tiempo entre órdenes es de "&ROUND(B11,2)&" días" -> El tiempo entre órdenes es de 80 días
A12: Punto de reorden ® | B12: =(B4/B7)*B11 -> 400 | C12: unidades | D12: ="Cuando el nivel de inventario esté en "&ROUND(B12,2)&" unidades, se debe colocar una nueva orden" -> Cuando el nivel de inventario esté en 400 unidades, se debe colocar una nueva orden
A13: Costo total (CT) | B13: =B14+B15+(B8*B4) -> 24120 | C13: anual | D13: ="El costo total anual de inventario es de $"&ROUND(B13,2) -> El costo total anual de inventario es de $24120
A14: Costo de ordenar | B14: =(B4/B9)*B5 -> 60 | C14: anual total | D14: ="El costo anual de ordenar es de $"&ROUND(B14,2) -> El costo anual de ordenar es de $60
A15: Costo de mantener | B15: =(B9/2)*B6 -> 60 | C15: anual total | D15: ="El costo anual de mantener es de $"&ROUND(B15,2) -> El costo anual de mantener es de $60
A17: Instrucciones
A18: Las celdas de color blanco son las que se pueden diligenciar. Las de color gris son de cálculo automático.

Sheet Datos de gráfico
A1: Datos para gráfico de costos EOQ
A2: Tamaño de lote | B2: Costo de ordenar | C2: Costo de mantener | D2: Costo total
A3: =A4/2 -> 25 | B3: =('EOQ Clásico'!$B$4/A3)*'EOQ Clásico'!$B$5 -> 960 | C3: =(A3/2)*'EOQ Clásico'!$B$6 -> 3.75 | D3: =B3+C3 -> 963.75
A4: =A5/2 -> 50 | B4: =('EOQ Clásico'!$B$4/A4)*'EOQ Clásico'!$B$5 -> 480 | C4: =(A4/2)*'EOQ Clásico'!$B$6 -> 7.5 | D4: =B4+C4 -> 487.5
A5: =A6/2 -> 100 | B5: =('EOQ Clásico'!$B$4/A5)*'EOQ Clásico'!$B$5 -> 240 | C5: =(A5/2)*'EOQ Clásico'!$B$6 -> 15 | D5: =B5+C5 -> 255
A6: =A7/2 -> 200 | B6: =('EOQ Clásico'!$B$4/A6)*'EOQ Clásico'!$B$5 -> 120 | C6: =(A6/2)*'EOQ Clásico'!$B$6 -> 30 | D6: =B6+C6 -> 150
A7: ='EOQ Clásico'!$B$9 -> 400 | B7: =('EOQ Clásico'!$B$4/A7)*'EOQ Clásico'!$B$5 -> 60 | C7: =(A7/2)*'EOQ Clásico'!$B$6 -> 60 | D7: =B7+C7 -> 120
A8: =A7*2 -> 800 | B8: =('EOQ Clásico'!$B$4/A8)*'EOQ Clásico'!$B$5 -> 30 | C8: =(A8/2)*'EOQ Clásico'!$B$6 -> 120 | D8: =B8+C8 -> 150
A9: =A8*2 -> 1600 | B9: =('EOQ Clásico'!$B$4/A9)*'EOQ Clásico'!$B$5 -> 15 | C9: =(A9/2)*'EOQ Clásico'!$B$6 -> 240 | D9: =B9+C9 -> 255
A10: =A9*2 -> 3200 | B10: =('EOQ Clásico'!$B$4/A10)*'EOQ Clásico'!$B$5 -> 7.5 | C10: =(A10/2)*'EOQ Clásico'!$B$6 -> 480 | D10: =B10+C10 -> 487.5
A11: =A10*2 -> 6400 | B11: =('EOQ Clásico'!$B$4/A11)*'EOQ Clásico'!$B$5 -> 3.75 | C11: =(A11/2)*'EOQ Clásico'!$B$6 -> 960 | D11: =B11+C11 -> 963.75
